<?xml version="1.0" encoding="UTF-8"?>
<userOverrides>
    <override>
        <path>D:\Design\DS213\Program\APP\AppDisk.c</path>
        <encoding>System</encoding>
    </override>
    <override>
        <path>D:\Design\DS213\Program\APP\Calibrat.c</path>
        <encoding>System</encoding>
    </override>
    <override>
        <path>D:\Design\DS213\Program\APP\Fpga.h</path>
        <encoding>System</encoding>
    </override>
    <override>
        <path>D:\Design\DS213\Program\APP\Main.c</path>
        <encoding>System</encoding>
    </override>
    <override>
        <path>D:\Design\DS213\Program\APP\Menu.c</path>
        <encoding>System</encoding>
    </override>
    <override>
        <path>D:\Design\DS213\Program\APP\Menu.h</path>
        <encoding>System</encoding>
    </override>
    <override>
        <path>D:\Design\DS213\Program\APP\Process.c</path>
        <encoding>System</encoding>
    </override>
    <override>
        <path>D:\Design\DS213\Program\APP\Process.h</path>
        <encoding>System</encoding>
    </override>
    <override>
        <path>D:\Design\DS213\Program\APP\Sys.c</path>
        <encoding>System</encoding>
    </override>
    <override>
        <path>D:\Design\DS213\Program\APP\Sys.h</path>
        <encoding>System</encoding>
    </override>
    <override>
        <path>D:\Design\DS213\Program\DFU\DS213Bios.c</path>
        <encoding>System</encoding>
    </override>
    <override>
        <path>D:\Design\DS213\Program\DFU\DS213_HW_V1_8.c</path>
        <encoding>System</encoding>
    </override>
    <override>
        <path>D:\Design\DS213\Program\DFU\Main.c</path>
        <encoding>System</encoding>
    </override>
    <override>
        <path>D:\Design\DS213\Program\PUBLIC\DS213Bios.h</path>
        <encoding>System</encoding>
    </override>
    <override>
        <path>D:\Design\DS213\Program\PUBLIC\DS213HwDriver.h</path>
        <encoding>System</encoding>
    </override>
    <override>
        <path>D:\Design\DS213\Program\PUBLIC\FAT12.c</path>
        <encoding>System</encoding>
    </override>
    <override>
        <path>D:\Design\DS213\Program\PUBLIC\FAT12.h</path>
        <encoding>System</encoding>
    </override>
    <override>
        <path>D:\Design\DS213\Program\PUBLIC\File.c</path>
        <encoding>System</encoding>
    </override>
    <override>
        <path>D:\Design\DS213\Program\PUBLIC\File.h</path>
        <encoding>System</encoding>
    </override>
    <override>
        <path>D:\Design\DS213\Program\PUBLIC\Func.c</path>
        <encoding>System</encoding>
    </override>
    <override>
        <path>D:\Design\DS213\Program\PUBLIC\Ident.c</path>
        <encoding>System</encoding>
    </override>
    <override>
        <path>G:\Design\DS213\Program\APP\Calibrat.c</path>
        <encoding>System</encoding>
    </override>
    <override>
        <path>G:\Design\DS213\Program\APP\Fpga.h</path>
        <encoding>System</encoding>
    </override>
    <override>
        <path>G:\Design\DS213\Program\APP\Main.c</path>
        <encoding>System</encoding>
    </override>
    <override>
        <path>G:\Design\DS213\Program\APP\Menu.c</path>
        <encoding>System</encoding>
    </override>
    <override>
        <path>G:\Design\DS213\Program\APP\Menu.h</path>
        <encoding>System</encoding>
    </override>
    <override>
        <path>G:\Design\DS213\Program\APP\Process.c</path>
        <encoding>System</encoding>
    </override>
    <override>
        <path>G:\Design\DS213\Program\APP\Sys.c</path>
        <encoding>System</encoding>
    </override>
    <override>
        <path>G:\Design\DS213\Program\PUBLIC\Func.c</path>
        <encoding>System</encoding>
    </override>
</userOverrides>
